{
  "document_id": "NOTI175F6B054B1ED504FC9884DC0F4460A7934",
  "backend": "tfidf",
  "generated_at": "2026-07-12T21:18:59.133455+00:00",
  "clause_count": 2,
  "vocabulary_size": 18,
  "model": {
    "idf": {
      "circular": 1.0,
      "authorised": 1.4054651081081644,
      "annulment": 1.4054651081081644,
      "circulars": 1.4054651081081644,
      "operative": 1.4054651081081644,
      "contents": 1.4054651081081644,
      "constituents": 1.4054651081081644,
      "notice": 1.4054651081081644,
      "persons": 1.4054651081081644,
      "concerned": 1.4054651081081644,
      "bring": 1.4054651081081644,
      "inoperative": 1.4054651081081644,
      "contained": 1.4054651081081644,
      "issued": 1.4054651081081644,
      "directions": 1.4054651081081644,
      "have": 1.4054651081081644,
      "section": 1.4054651081081644,
      "10": 1.4054651081081644
    },
    "n_docs": 2
  },
  "clauses": [
    {
      "clause_id": "clause_2",
      "clause_no": "2",
      "title": "Authorised Persons may bring the contents of this circular to the notice of their",
      "page": 1,
      "concept": "Annulment of Inoperative Circulars",
      "domain": "FEMA",
      "vector": {
        "authorised": 0.26255634097861996,
        "persons": 0.26255634097861996,
        "bring": 0.26255634097861996,
        "contents": 0.26255634097861996,
        "circular": 0.186810999052147,
        "notice": 0.26255634097861996,
        "constituents": 0.26255634097861996,
        "concerned": 0.26255634097861996,
        "annulment": 0.26255634097861996,
        "inoperative": 0.26255634097861996,
        "circulars": 0.5251126819572399,
        "operative": 0.26255634097861996
      },
      "tf": {
        "authorised": 1,
        "persons": 1,
        "bring": 1,
        "contents": 1,
        "circular": 1,
        "notice": 1,
        "constituents": 1,
        "concerned": 1,
        "annulment": 1,
        "inoperative": 1,
        "circulars": 2,
        "operative": 1
      }
    },
    {
      "clause_id": "clause_3",
      "clause_no": "3",
      "title": "The directions contained in this circular have been issued under Section 10(4) and",
      "page": 1,
      "concept": null,
      "domain": null,
      "vector": {
        "directions": 0.3920440146223274,
        "contained": 0.3920440146223274,
        "circular": 0.2789425453258252,
        "have": 0.3920440146223274,
        "issued": 0.3920440146223274,
        "section": 0.3920440146223274,
        "10": 0.3920440146223274
      },
      "tf": {
        "directions": 1,
        "contained": 1,
        "circular": 1,
        "have": 1,
        "issued": 1,
        "section": 1,
        "10": 1
      }
    }
  ]
}